M1,M2,M3,M4,time
0,0,0,0,1
1,0,0,0,2
0,0,0,0,3
0,0,0,0,4
0,0,0,0,5
0,0,0,0,6
0,0,0,0,7
0,0,0,0,8
0,0,0,0,9
0,0,0,0,10
0,0,0,0,11
0,0,0,0,12
0,0,0,0,13
0,0,0,0,14
0,0,0,0,15
0,0,0,0,16
0,0,0,0,17
0,0,0,0,18
0,0,0,0,19
0,0,0,0,20
0,0,0,0,21
0,0,0,0,22
0,0,0,0,23
0,0,0,0,24
0,0,0,0,25
0,0,0,0,26
0,0,0,0,27
0,0,0,0,28
0,0,0,0,29
0,0,0,0,30
0,0,0,0,31
0,0,0,0,32
0,0,0,0,33
0,0,0,0,34
0,0,0,0,35
0,0,0,0,36
0,0,0,0,37
0,0,0,0,38
0,0,0,0,39
0,0,0,0,40
0,0,0,0,41
0,0,0,0,42
0,0,0,0,43
0,0,0,0,44
0,0,0,0,45
0,0,0,0,46
0,0,0,0,47
0,0,0,0,48
0,0,0,0,49
0,0,0,0,50
0,0,0,0,51
1,0,0,0,52
0,0,0,0,53
0,0,0,0,54
0,0,0,0,55
0,0,0,0,56
0,0,0,0,57
0,0,0,0,58
0,0,0,0,59
0,0,0,0,60
0,0,0,0,61
1,0,0,0,62
0,0,0,0,63
0,0,0,0,64
0,0,0,0,65
0,0,0,0,66
0,0,0,0,67
0,0,0,0,68
0,0,0,0,69
0,0,0,0,70
0,0,0,0,71
0,0,0,0,72
1,0,0,0,73
0,0,0,0,74
0,0,0,0,75
0,0,0,0,76
0,0,0,0,77
0,0,0,0,78
0,0,0,0,79
0,0,0,0,80
0,0,0,0,81
0,0,0,0,82
2,0,0,0,83
0,0,0,0,84
0,0,0,0,85
0,0,0,0,86
0,0,0,0,87
0,0,0,0,88
0,0,0,0,89
0,0,0,0,90
0,0,0,0,91
1,0,0,0,92
0,0,0,0,93
0,0,0,0,94
0,0,0,0,95
0,0,0,0,96
0,0,0,0,97
0,0,0,0,98
0,0,0,0,99
0,0,0,0,100
0,0,0,0,101
0,0,0,0,102
1,0,0,0,103
0,0,0,0,104
0,0,0,0,105
0,0,0,0,106
0,0,0,0,107
0,0,0,0,108
0,0,0,0,109
0,0,0,0,110
0,0,0,0,111
0,0,0,0,112
1,0,0,0,113
0,0,0,0,114
0,0,0,0,115
0,0,0,0,116
0,0,0,0,117
0,0,0,0,118
0,0,0,0,119
0,0,0,0,120
0,0,0,0,121
0,0,0,0,122
1,0,0,0,123
0,0,0,0,124
0,0,0,0,125
0,0,0,0,126
0,0,0,0,127
0,0,0,0,128
0,0,0,0,129
0,0,0,0,130
0,0,0,0,131
1,0,0,0,132
0,0,0,0,133
0,0,0,0,134
0,0,0,0,135
0,0,0,0,136
0,0,0,0,137
0,0,0,0,138
0,0,0,0,139
0,0,0,0,140
0,0,0,0,141
0,0,0,0,142
1,0,0,0,143
0,0,0,0,144
0,0,0,0,145
0,0,0,0,146
0,0,0,0,147
0,0,0,0,148
0,0,0,0,149
0,0,0,0,150
0,0,0,0,151
0,0,0,0,152
0,0,0,0,153
0,0,0,0,154
0,0,0,0,155
0,0,0,0,156
0,0,0,0,157
0,0,0,0,158
0,0,0,0,159
0,0,0,0,160
0,0,0,0,161
0,0,0,0,162
0,0,0,0,163
0,0,0,0,164
0,0,0,0,165
0,0,0,0,166
0,0,0,0,167
0,0,0,0,168
0,0,0,0,169
0,0,0,0,170
0,0,0,0,171
0,0,0,0,172
0,0,0,0,173
0,0,0,0,174
0,0,0,0,175
0,0,0,0,176
0,0,0,0,177
0,0,0,0,178
0,0,0,0,179
0,0,0,0,180
0,0,0,0,181
0,0,0,0,182
0,0,0,0,183
0,0,0,0,184
0,0,0,0,185
0,0,0,0,186
0,0,0,0,187
0,0,0,0,188
0,0,0,0,189
0,0,0,0,190
0,0,0,0,191
0,0,0,0,192
0,0,0,0,193
0,0,0,0,194
0,0,0,0,195
0,0,0,0,196
0,0,0,0,197
0,0,0,0,198
0,0,0,0,199
0,0,0,0,200
0,1,0,0,201
0,2,0,0,202
0,3,0,0,203
0,4,0,0,204
0,4,0,0,205
0,1,0,0,206
0,5,0,0,207
0,4,0,0,208
0,2,0,0,209
0,6,0,0,210
0,5,0,0,211
0,6,0,0,212
0,3,0,0,213
0,4,0,0,214
0,5,0,0,215
0,1,0,0,216
0,5,0,0,217
0,5,0,0,218
0,5,0,0,219
0,5,0,0,220
0,2,0,0,221
0,4,0,0,222
0,5,0,0,223
0,1,0,0,224
0,4,0,0,225
0,5,0,0,226
0,4,0,0,227
0,5,0,0,228
0,3,0,0,229
0,5,0,0,230
0,5,0,0,231
0,3,0,0,232
0,2,0,0,233
0,5,0,0,234
0,5,0,0,235
0,5,0,0,236
0,4,0,0,237
0,4,0,0,238
0,4,0,0,239
0,5,0,0,240
0,1,0,0,241
0,4,0,0,242
0,5,0,0,243
0,5,0,0,244
0,5,0,0,245
0,3,0,0,246
0,2,0,0,247
0,5,0,0,248
0,3,0,0,249
0,2,0,0,250
0,5,0,0,251
0,4,0,0,252
0,5,0,0,253
0,4,0,0,254
0,2,0,0,255
0,4,0,0,256
0,4,0,0,257
0,2,0,0,258
0,3,0,0,259
0,5,0,0,260
0,5,0,0,261
0,4,0,0,262
0,5,0,0,263
0,1,0,0,264
0,4,0,0,265
0,5,0,0,266
0,0,0,0,267
0,4,0,0,268
0,5,0,0,269
0,5,0,0,270
0,4,0,0,271
0,3,0,0,272
0,2,0,0,273
0,5,0,0,274
0,3,0,0,275
0,2,0,0,276
0,5,0,0,277
0,4,0,0,278
0,5,0,0,279
0,4,0,0,280
0,3,0,0,281
0,4,0,0,282
0,5,0,0,283
0,1,0,0,284
0,4,0,0,285
0,4,0,0,286
0,5,0,0,287
0,4,0,0,288
0,5,0,0,289
0,3,0,0,290
0,4,0,0,291
0,4,0,0,292
0,1,0,0,293
0,4,0,0,294
0,5,0,0,295
0,4,0,0,296
0,5,0,0,297
0,4,0,0,298
0,5,0,0,299
0,4,0,0,300
2,5,4,0,301
0,9,8,4,302
6,11,7,9,303
6,6,10,5,304
8,10,8,8,305
6,7,8,7,306
8,6,8,7,307
7,13,8,5,308
8,6,12,6,309
10,8,6,7,310
7,11,6,9,311
8,8,12,5,312
8,9,9,7,313
8,8,9,7,314
8,6,9,8,315
7,12,8,9,316
8,6,12,5,317
7,8,6,7,318
7,11,7,8,319
9,8,11,6,320
6,9,9,7,321
7,9,10,9,322
7,6,9,8,323
8,11,8,8,324
9,6,12,4,325
8,7,8,5,326
8,12,8,8,327
8,7,10,5,328
7,8,10,7,329
8,9,9,5,330
6,6,7,7,331
7,12,8,10,332
7,7,13,6,333
8,6,10,8,334
10,11,7,5,335
6,7,11,6,336
9,8,8,10,337
9,10,11,6,338
9,8,8,10,339
9,9,7,6,340
7,10,12,6,341
8,6,9,7,342
7,11,9,5,343
8,6,8,7,344
10,6,8,5,345
6,10,12,6,346
8,6,8,9,347
7,7,8,4,348
8,12,11,8,349
10,8,9,7,350
8,9,10,6,351
7,11,7,6,352
10,6,7,6,353
7,10,12,6,354
8,8,10,7,355
8,6,9,6,356
7,12,9,9,357
7,7,8,4,358
7,7,12,8,359
10,11,8,8,360
6,8,8,7,361
8,9,11,5,362
7,10,9,7,363
8,5,10,5,364
11,12,8,10,365
6,8,7,6,366
8,6,12,9,367
8,13,10,6,368
8,8,9,6,369
8,8,9,7,370
7,9,8,6,371
9,9,12,8,372
7,7,9,6,373
6,11,8,7,374
10,6,12,8,375
7,11,9,4,376
10,8,9,9,377
7,6,7,8,378
6,13,7,6,379
11,6,12,8,380
6,8,10,5,381
10,10,9,9,382
8,6,9,7,383
6,9,8,6,384
9,10,12,7,385
6,7,9,5,386
10,10,8,8,387
8,11,11,6,388
6,6,9,6,389
8,11,10,7,390
8,9,7,6,391
10,6,8,7,392
7,13,12,7,393
7,7,10,6,394
8,8,9,6,395
7,12,10,4,396
8,7,8,6,397
9,9,12,11,398
6,9,8,8,399
11,8,7,7,400
7,11,12,7,401
10,5,8,7,402
11,7,16,6,403
10,11,8,8,404
8,6,15,7,405
11,12,9,5,406
6,4,14,8,407
11,8,10,5,408
7,9,13,8,409
12,6,10,5,410
6,11,13,9,411
12,6,12,5,412
6,10,11,9,413
14,4,13,6,414
6,9,11,9,415
11,8,11,6,416
8,7,11,9,417
12,10,12,7,418
9,6,12,9,419
12,10,12,4,420
8,6,13,9,421
10,10,12,5,422
11,5,12,9,423
10,9,14,6,424
11,8,10,9,425
11,7,14,5,426
8,10,11,8,427
9,7,12,5,428
9,10,12,8,429
10,4,10,5,430
11,6,12,9,431
10,8,11,4,432
9,6,11,8,433
11,11,13,6,434
12,6,10,11,435
12,10,16,5,436
10,5,8,9,437
10,10,16,5,438
8,6,9,7,439
11,9,15,6,440
8,8,10,6,441
12,7,13,7,442
8,9,12,6,443
11,8,12,8,444
8,10,12,6,445
13,4,12,9,446
9,8,13,5,447
11,9,11,9,448
7,6,13,5,449
11,11,12,9,450
8,6,11,4,451
12,10,10,9,452
8,4,13,5,453
12,9,11,9,454
8,8,12,6,455
12,7,12,8,456
9,10,11,5,457
11,6,12,8,458
9,10,12,5,459
12,4,11,8,460
10,8,13,4,461
13,7,9,9,462
10,7,16,5,463
9,10,9,9,464
9,6,15,5,465
10,10,10,6,466
9,5,12,6,467
8,8,12,6,468
11,7,10,7,469
8,7,12,5,470
10,10,11,8,471
9,6,11,5,472
10,10,13,9,473
10,4,13,5,474
13,8,13,9,475
11,9,12,4,476
10,6,11,9,477
13,11,13,5,478
11,6,11,8,479
10,10,12,5,480
8,4,12,9,481
10,9,11,6,482
9,6,12,8,483
14,9,11,4,484
8,8,11,8,485
12,7,14,5,486
6,9,9,7,487
14,7,15,5,488
7,10,9,6,489
14,4,14,7,490
8,10,10,5,491
13,6,13,8,492
7,9,11,5,493
10,8,12,9,494
8,7,13,5,495
10,11,13,9,496
10,6,12,4,497
10,10,12,9,498
9,5,12,5,499
10,10,12,8,500
11,6,12,6,501
9,8,12,8,502
14,9,13,6,503
10,9,10,9,504
12,9,14,5,505
9,7,15,9,506
9,10,12,6,507
9,7,10,9,508
15,11,11,4,509
10,7,13,10,510
8,10,13,4,511
13,6,12,10,512
10,10,11,6,513
14,8,12,9,514
7,10,12,5,515
13,8,13,9,516
11,10,15,5,517
13,6,12,9,518
7,12,12,6,519
12,5,14,8,520
12,11,12,5,521
14,6,13,9,522
9,11,14,5,523
13,7,12,9,524
11,9,14,6,525
12,7,12,9,526
9,9,13,5,527
12,8,12,9,528
13,9,12,6,529
9,9,11,8,530
12,9,12,7,531
12,9,14,7,532
9,9,14,8,533
9,9,12,7,534
8,7,11,7,535
10,10,11,7,536
10,7,12,7,537
11,11,15,7,538
8,7,12,8,539
15,11,10,6,540
11,6,11,8,541
11,11,14,6,542
11,6,13,8,543
8,10,14,6,544
14,8,11,9,545
8,10,12,5,546
10,8,13,9,547
10,10,12,5,548
16,7,15,8,549
7,11,12,5,550
10,6,12,9,551
13,11,14,5,552
13,5,12,9,553
9,11,14,5,554
12,7,12,8,555
13,10,12,5,556
11,6,12,9,557
16,9,11,5,558
8,8,14,9,559
14,9,14,5,560
12,9,12,9,561
9,9,10,5,562
11,9,11,10,563
8,7,12,4,564
15,10,14,10,565
11,7,13,5,566
13,11,11,9,567
9,7,12,5,568
15,10,12,9,569
11,6,12,5,570
11,10,14,9,571
12,7,14,5,572
8,10,12,9,573
9,8,10,5,574
9,10,11,9,575
11,7,13,5,576
10,11,15,9,577
13,6,12,5,578
8,11,10,9,579
12,5,12,5,580
11,11,14,9,581
10,7,12,5,582
11,9,12,9,583
9,7,12,6,584
15,9,12,8,585
11,8,14,6,586
10,9,14,8,587
11,9,14,5,588
13,9,10,9,589
9,9,12,5,590
12,8,14,9,591
14,9,13,5,592
12,7,14,9,593
11,11,12,6,594
9,7,12,8,595
12,11,13,5,596
13,7,11,9,597
15,10,14,6,598
10,7,13,9,599
15,11,12,5,600
11,6,13,10,601
9,11,12,5,602
11,7,13,9,603
11,11,13,5,604
12,7,13,9,605
11,11,14,7,606
10,9,11,7,607
11,9,13,9,608
10,9,13,6,609
13,9,13,9,610
11,9,12,5,611
11,9,13,10,612
12,11,16,5,613
10,7,12,9,614
13,13,12,6,615
11,7,15,9,616
8,11,14,5,617
14,8,13,10,618
11,10,13,5,619
10,8,14,9,620
12,12,12,5,621
8,7,13,10,622
12,11,15,7,623
10,7,11,8,624
11,10,13,8,625
14,9,13,5,626
10,10,11,9,627
13,9,13,5,628
11,9,15,10,629
9,9,13,5,630
13,9,12,9,631
10,11,14,6,632
13,8,14,9,633
12,12,12,5,634
8,7,14,10,635
11,13,15,4,636
8,7,14,10,637
12,10,14,5,638
13,8,12,9,639
10,11,15,6,640
12,7,11,9,641
11,11,13,7,642
10,7,15,7,643
11,11,11,9,644
9,9,12,5,645
14,9,15,9,646
9,9,12,5,647
10,9,12,10,648
11,11,13,5,649
9,7,15,9,650
12,14,12,6,651
10,7,12,8,652
12,11,13,5,653
11,8,14,9,654
10,12,11,5,655
16,7,11,10,656
10,11,15,5,657
11,7,12,9,658
16,11,12,5,659
9,9,16,9,660
15,9,10,6,661
9,10,13,8,662
10,9,16,8,663
11,10,13,7,664
11,6,12,8,665
15,13,13,5,666
11,7,15,9,667
7,11,12,5,668
13,8,13,9,669
11,10,15,6,670
13,8,13,9,671
11,12,13,5,672
10,7,15,9,673
12,11,15,6,674
10,9,13,9,675
13,9,11,5,676
13,9,15,10,677
7,9,12,4,678
13,12,14,9,679
9,7,14,5,680
11,13,12,9,681
13,7,13,6,682
9,12,14,9,683
11,8,12,7,684
10,10,12,8,685
11,8,14,9,686
12,11,16,5,687
9,7,11,9,688
14,12,13,5,689
10,7,16,10,690
10,11,13,5,691
11,8,13,9,692
9,11,14,6,693
12,9,13,9,694
8,9,13,5,695
11,10,11,9,696
12,9,15,5,697
10,11,12,10,698
12,7,12,5,699
12,13,14,9,700
8,5,12,5,701
9,6,9,8,702
8,9,3,5,703
2,4,6,2,704
6,2,2,3,705
1,0,0,0,706
1,0,0,0,707
0,0,0,0,708
0,0,0,0,709
0,0,0,0,710
0,0,0,0,711
0,0,0,0,712
0,0,0,0,713
0,0,0,0,714
0,0,0,0,715
0,0,0,0,716
0,0,0,0,717
0,0,0,0,718
0,0,0,0,719
0,0,0,0,720
0,0,0,0,721
0,0,0,0,722
0,0,0,0,723
0,0,0,0,724
0,0,0,0,725
0,0,0,0,726
0,0,0,0,727
0,0,0,0,728
0,0,0,0,729
0,0,0,0,730
0,0,0,0,731
0,0,0,0,732
0,0,0,0,733
0,0,0,0,734
0,0,0,0,735
0,0,0,0,736
0,0,0,0,737
0,0,0,0,738
0,0,0,0,739
0,0,0,0,740
0,0,0,0,741
0,0,0,0,742
0,0,0,0,743
0,0,0,0,744
0,0,0,0,745
0,0,0,0,746
0,0,0,0,747
0,0,0,0,748
0,0,0,0,749
0,0,0,0,750
0,0,0,0,751
0,0,0,0,752
0,0,0,0,753
0,0,0,0,754
0,0,0,0,755
0,0,0,0,756
0,0,0,0,757
0,0,0,0,758
0,0,0,0,759
0,0,0,0,760
0,0,0,0,761
0,0,0,0,762
0,0,0,0,763
0,0,0,0,764
0,0,0,0,765
0,0,0,0,766
0,0,0,0,767
0,0,0,0,768
0,0,0,0,769
0,0,0,0,770
0,0,0,0,771
0,0,0,0,772
0,0,0,0,773
0,0,0,0,774
0,0,0,0,775
0,0,0,0,776
0,0,0,0,777
0,0,0,0,778
0,0,0,0,779
0,0,0,0,780
0,0,0,0,781
0,0,0,0,782
0,0,0,0,783
0,0,0,0,784
0,0,0,0,785
0,0,0,0,786
0,0,0,0,787
0,0,0,0,788
0,0,0,0,789
0,0,0,0,790
0,0,0,0,791
0,0,0,0,792
0,0,0,0,793
0,0,0,0,794
0,0,0,0,795
0,0,0,0,796
0,0,0,0,797
0,0,0,0,798
0,0,0,0,799
0,0,0,0,800
0,0,2,0,801
0,0,2,0,802
0,0,4,0,803
0,0,3,0,804
0,0,4,0,805
0,0,4,0,806
0,0,2,0,807
0,0,3,0,808
0,0,6,0,809
0,0,5,0,810
0,0,4,0,811
0,0,6,0,812
0,0,4,0,813
0,0,0,0,814
0,0,6,0,815
0,0,6,0,816
0,0,5,0,817
0,0,4,0,818
0,0,5,0,819
0,0,2,0,820
0,0,4,0,821
0,0,7,0,822
0,0,5,0,823
0,0,4,0,824
0,0,6,0,825
0,0,2,0,826
0,0,2,0,827
0,0,7,0,828
0,0,5,0,829
0,0,4,0,830
0,0,6,0,831
0,0,5,0,832
0,0,1,0,833
0,0,6,0,834
0,0,8,0,835
0,0,4,0,836
0,0,4,0,837
0,0,4,0,838
0,0,1,0,839
0,0,6,0,840
0,0,6,0,841
0,0,4,0,842
0,0,5,0,843
0,0,5,0,844
0,0,2,0,845
0,0,6,0,846
0,0,6,0,847
0,0,4,0,848
0,0,4,0,849
0,0,6,0,850
0,0,5,0,851
0,0,2,0,852
0,0,7,0,853
0,0,5,0,854
0,0,4,0,855
0,0,6,0,856
0,0,4,0,857
0,0,0,0,858
0,0,7,0,859
0,0,8,0,860
0,0,4,0,861
0,0,4,0,862
0,0,6,0,863
0,0,2,0,864
0,0,5,0,865
0,0,6,0,866
0,0,4,0,867
0,0,4,0,868
0,0,6,0,869
0,0,4,0,870
0,0,5,0,871
0,0,6,0,872
0,0,4,0,873
0,0,4,0,874
0,0,6,0,875
0,0,6,0,876
0,0,1,0,877
0,0,7,0,878
0,0,6,0,879
0,0,4,0,880
0,0,4,0,881
0,0,4,0,882
0,0,1,0,883
0,0,6,0,884
0,0,6,0,885
0,0,4,0,886
0,0,5,0,887
0,0,5,0,888
0,0,2,0,889
0,0,4,0,890
0,0,6,0,891
0,0,5,0,892
0,0,5,0,893
0,0,6,0,894
0,0,4,0,895
0,0,2,0,896
0,0,6,0,897
0,0,6,0,898
0,0,4,0,899
0,0,6,0,900
0,0,4,1,901
0,0,9,7,902
0,0,7,7,903
0,0,8,5,904
0,0,12,10,905
0,0,10,6,906
0,0,8,8,907
0,0,10,10,908
0,0,8,4,909
0,0,12,6,910
0,0,10,8,911
0,0,8,6,912
0,0,9,8,913
0,0,8,6,914
0,0,12,6,915
0,0,10,7,916
0,0,9,6,917
0,0,9,7,918
0,0,8,4,919
0,0,12,7,920
0,0,10,5,921
0,0,9,7,922
0,0,8,11,923
0,0,8,6,924
0,0,12,10,925
0,0,10,4,926
0,0,10,6,927
0,0,8,10,928
0,0,8,7,929
0,0,12,7,930
0,0,10,5,931
0,0,10,6,932
0,0,7,8,933
0,0,8,6,934
0,0,12,7,935
0,0,10,5,936
0,0,10,10,937
0,0,8,7,938
0,0,8,6,939
0,0,12,9,940
0,0,9,4,941
0,0,9,9,942
0,0,8,8,943
0,0,8,5,944
0,0,12,10,945
0,0,10,6,946
0,0,10,7,947
0,0,8,6,948
0,0,8,7,949
0,0,12,8,950
0,0,10,6,951
0,0,10,7,952
0,0,8,5,953
0,0,8,8,954
0,0,12,8,955
0,0,10,6,956
0,0,10,7,957
0,0,7,4,958
0,0,8,7,959
0,0,12,5,960
0,0,9,6,961
0,0,12,7,962
0,0,7,6,963
0,0,8,9,964
0,0,12,4,965
0,0,8,8,966
0,0,12,10,967
0,0,8,5,968
0,0,8,9,969
0,0,12,6,970
0,0,8,6,971
0,0,12,8,972
0,0,8,8,973
0,0,8,9,974
0,0,12,4,975
0,0,8,6,976
0,0,12,7,977
0,0,9,4,978
0,0,8,9,979
0,0,10,6,980
0,0,8,8,981
0,0,12,7,982
0,0,10,6,983
0,0,8,10,984
0,0,10,4,985
0,0,8,6,986
0,0,12,6,987
0,0,10,6,988
0,0,9,9,989
0,0,9,4,990
0,0,8,6,991
0,0,12,7,992
0,0,10,4,993
0,0,10,10,994
0,0,8,4,995
0,0,8,6,996
0,0,13,7,997
0,0,10,7,998
0,0,10,7,999
0,0,8,6,1000
0,0,9,6,1001
0,0,13,8,1002
0,0,11,5,1003
0,0,12,9,1004
0,0,12,5,1005
0,0,13,9,1006
0,0,12,5,1007
0,0,13,8,1008
0,0,13,7,1009
0,0,11,8,1010
0,0,11,5,1011
0,0,12,9,1012
0,0,10,5,1013
0,0,11,9,1014
0,0,14,5,1015
0,0,9,9,1016
0,0,13,4,1017
0,0,12,9,1018
0,0,12,5,1019
0,0,12,9,1020
0,0,13,5,1021
0,0,13,9,1022
0,0,12,5,1023
0,0,12,9,1024
0,0,12,5,1025
0,0,11,8,1026
0,0,12,5,1027
0,0,14,7,1028
0,0,9,6,1029
0,0,14,6,1030
0,0,12,7,1031
0,0,12,5,1032
0,0,13,9,1033
0,0,13,5,1034
0,0,13,8,1035
0,0,11,5,1036
0,0,14,8,1037
0,0,12,5,1038
0,0,10,9,1039
0,0,12,5,1040
0,0,13,9,1041
0,0,9,5,1042
0,0,15,9,1043
0,0,12,4,1044
0,0,12,10,1045
0,0,12,5,1046
0,0,13,9,1047
0,0,13,5,1048
0,0,12,9,1049
0,0,13,6,1050
0,0,12,8,1051
0,0,9,6,1052
0,0,12,8,1053
0,0,15,5,1054
0,0,9,9,1055
0,0,14,5,1056
0,0,11,9,1057
0,0,13,4,1058
0,0,13,9,1059
0,0,13,4,1060
0,0,11,9,1061
0,0,11,5,1062
0,0,13,9,1063
0,0,12,5,1064
0,0,11,9,1065
0,0,11,5,1066
0,0,14,7,1067
0,0,10,6,1068
0,0,12,7,1069
0,0,13,6,1070
0,0,12,7,1071
0,0,12,7,1072
0,0,14,5,1073
0,0,11,8,1074
0,0,11,6,1075
0,0,12,9,1076
0,0,12,5,1077
0,0,11,9,1078
0,0,10,4,1079
0,0,15,9,1080
0,0,10,5,1081
0,0,13,9,1082
0,0,14,5,1083
0,0,14,8,1084
0,0,12,5,1085
0,0,13,9,1086
0,0,12,4,1087
0,0,12,9,1088
0,0,11,5,1089
0,0,12,9,1090
0,0,14,5,1091
0,0,9,7,1092
0,0,14,6,1093
0,0,12,5,1094
0,0,13,7,1095
0,0,12,5,1096
0,0,12,8,1097
0,0,13,5,1098
0,0,12,9,1099
0,0,12,6,1100
0,0,12,9,1101
0,0,14,5,1102
0,0,12,9,1103
0,0,13,5,1104
0,0,10,9,1105
0,0,12,5,1106
0,0,13,8,1107
0,0,13,5,1108
0,0,14,8,1109
0,0,10,5,1110
0,0,12,8,1111
0,0,11,7,1112
0,0,15,7,1113
0,0,13,7,1114
0,0,12,7,1115
0,0,12,8,1116
0,0,14,5,1117
0,0,14,9,1118
0,0,12,6,1119
0,0,13,9,1120
0,0,11,5,1121
0,0,13,9,1122
0,0,13,5,1123
0,0,12,10,1124
0,0,14,6,1125
0,0,12,9,1126
0,0,14,5,1127
0,0,10,9,1128
0,0,12,5,1129
0,0,13,9,1130
0,0,13,6,1131
0,0,14,8,1132
0,0,11,6,1133
0,0,12,9,1134
0,0,12,5,1135
0,0,13,9,1136
0,0,12,5,1137
0,0,14,9,1138
0,0,12,5,1139
0,0,13,10,1140
0,0,13,4,1141
0,0,12,10,1142
0,0,13,5,1143
0,0,12,9,1144
0,0,16,5,1145
0,0,11,9,1146
0,0,12,6,1147
0,0,14,8,1148
0,0,14,6,1149
0,0,13,7,1150
0,0,12,7,1151
0,0,12,8,1152
0,0,14,8,1153
0,0,14,6,1154
0,0,13,9,1155
0,0,13,5,1156
0,0,11,9,1157
0,0,13,5,1158
0,0,13,9,1159
0,0,12,6,1160
0,0,13,10,1161
0,0,12,5,1162
0,0,15,9,1163
0,0,12,5,1164
0,0,12,9,1165
0,0,13,7,1166
0,0,13,8,1167
0,0,14,6,1168
0,0,10,9,1169
0,0,12,6,1170
0,0,14,9,1171
0,0,15,5,1172
0,0,13,10,1173
0,0,9,4,1174
0,0,12,10,1175
0,0,13,5,1176
0,0,13,9,1177
0,0,14,5,1178
0,0,13,9,1179
0,0,11,6,1180
0,0,13,9,1181
0,0,12,5,1182
0,0,12,9,1183
0,0,14,6,1184
0,0,12,9,1185
0,0,13,6,1186
0,0,14,8,1187
0,0,12,7,1188
0,0,12,7,1189
0,0,11,7,1190
0,0,16,7,1191
0,0,11,8,1192
0,0,12,7,1193
0,0,14,8,1194
0,0,14,6,1195
0,0,13,9,1196
0,0,12,5,1197
0,0,12,9,1198
0,0,15,5,1199
0,0,15,9,1200
0,0,12,5,1201
0,0,11,9,1202
0,0,13,5,1203
0,0,14,9,1204
0,0,12,6,1205
0,0,15,9,1206
0,0,14,5,1207
0,0,13,10,1208
0,0,15,5,1209
0,0,13,9,1210
0,0,12,8,1211
0,0,16,7,1212
0,0,13,8,1213
0,0,13,5,1214
0,0,16,9,1215
0,0,13,5,1216
0,0,13,9,1217
0,0,15,5,1218
0,0,13,9,1219
0,0,12,5,1220
0,0,14,9,1221
0,0,14,4,1222
0,0,12,9,1223
0,0,15,5,1224
0,0,12,10,1225
0,0,13,7,1226
0,0,15,8,1227
0,0,14,9,1228
0,0,12,5,1229
0,0,15,9,1230
0,0,13,6,1231
0,0,12,9,1232
0,0,15,5,1233
0,0,14,9,1234
0,0,12,5,1235
0,0,17,9,1236
0,0,13,4,1237
0,0,13,9,1238
0,0,14,5,1239
0,0,13,10,1240
0,0,13,8,1241
0,0,15,7,1242
0,0,12,8,1243
0,0,11,6,1244
0,0,14,9,1245
0,0,14,5,1246
0,0,13,10,1247
0,0,16,5,1248
0,0,13,9,1249
0,0,13,6,1250
0,0,14,9,1251
0,0,13,5,1252
0,0,12,10,1253
0,0,16,5,1254
0,0,13,9,1255
0,0,13,5,1256
0,0,15,9,1257
0,0,12,6,1258
0,0,12,7,1259
0,0,15,8,1260
0,0,11,6,1261
0,0,14,9,1262
0,0,15,5,1263
0,0,12,9,1264
0,0,13,6,1265
0,0,14,9,1266
0,0,12,5,1267
0,0,14,9,1268
0,0,14,6,1269
0,0,12,9,1270
0,0,14,5,1271
0,0,17,10,1272
0,0,11,4,1273
0,0,13,10,1274
0,0,14,5,1275
0,0,12,9,1276
0,0,13,6,1277
0,0,15,9,1278
0,0,13,7,1279
0,0,11,7,1280
0,0,13,9,1281
0,0,14,5,1282
0,0,14,9,1283
0,0,13,5,1284
0,0,14,10,1285
0,0,12,5,1286
0,0,12,9,1287
0,0,15,6,1288
0,0,13,9,1289
0,0,14,5,1290
0,0,14,9,1291
0,0,11,5,1292
0,0,14,10,1293
0,0,15,5,1294
0,0,11,9,1295
0,0,13,5,1296
0,0,13,9,1297
0,0,14,7,1298
0,0,12,7,1299
0,0,12,8,1300
0,0,13,6,1301
0,0,8,5,1302
0,0,8,7,1303
0,0,0,5,1304
0,0,4,2,1305
0,0,0,0,1306
0,0,0,0,1307
0,0,0,0,1308
0,0,0,0,1309
0,0,0,0,1310
0,0,0,0,1311
0,0,0,0,1312
0,0,0,0,1313
0,0,0,0,1314
0,0,0,0,1315
0,0,0,0,1316
0,0,0,0,1317
0,0,0,0,1318
0,0,0,0,1319
0,0,0,0,1320
0,0,0,0,1321
0,0,0,0,1322
0,0,0,0,1323
0,0,0,0,1324
0,0,0,0,1325
0,0,0,0,1326
0,0,0,0,1327
0,0,0,0,1328
0,0,0,0,1329
0,0,0,0,1330
0,0,0,0,1331
0,0,0,0,1332
0,0,0,0,1333
0,0,0,0,1334
0,0,0,0,1335
0,0,0,0,1336
0,0,0,0,1337
0,0,0,0,1338
0,0,0,0,1339
0,0,0,0,1340
0,0,0,0,1341
0,0,0,0,1342
0,0,0,0,1343
0,0,0,0,1344
0,0,0,0,1345
0,0,0,0,1346
0,0,0,0,1347
0,0,0,0,1348
0,0,0,0,1349
0,0,0,0,1350
0,0,0,0,1351
0,0,0,0,1352
0,0,0,0,1353
0,0,0,0,1354
0,0,0,0,1355
0,0,0,0,1356
0,0,0,0,1357
0,0,0,0,1358
0,0,0,0,1359
0,0,0,0,1360
0,0,0,0,1361
0,0,0,0,1362
0,0,0,0,1363
0,0,0,0,1364
0,0,0,0,1365
0,0,0,0,1366
0,0,0,0,1367
0,0,0,0,1368
0,0,0,0,1369
0,0,0,0,1370
0,0,0,0,1371
0,0,0,0,1372
0,0,0,0,1373
0,0,0,0,1374
0,0,0,0,1375
0,0,0,0,1376
0,0,0,0,1377
0,0,0,0,1378
0,0,0,0,1379
0,0,0,0,1380
0,0,0,0,1381
0,0,0,0,1382
0,0,0,0,1383
0,0,0,0,1384
0,0,0,0,1385
0,0,0,0,1386
0,0,0,0,1387
0,0,0,0,1388
0,0,0,0,1389
0,0,0,0,1390
0,0,0,0,1391
0,0,0,0,1392
0,0,0,0,1393
0,0,0,0,1394
0,0,0,0,1395
0,0,0,0,1396
0,0,0,0,1397
0,0,0,0,1398
0,0,0,0,1399
0,0,0,0,1400
0,0,0,0,1401
0,0,0,0,1402
0,0,0,0,1403
0,0,0,0,1404
0,0,0,0,1405
0,0,0,0,1406
0,0,0,0,1407
0,0,0,0,1408
0,0,0,0,1409
0,0,0,0,1410
0,0,0,0,1411
0,0,0,0,1412
0,0,0,0,1413
0,0,0,0,1414
0,0,0,0,1415
0,0,0,0,1416
0,0,0,0,1417
0,0,0,0,1418
0,0,0,0,1419
0,0,0,0,1420
0,0,0,0,1421
0,0,0,0,1422
0,0,0,0,1423
0,0,0,0,1424
0,0,0,0,1425
0,0,0,0,1426
0,0,0,0,1427
0,0,0,0,1428
0,0,0,0,1429
0,0,0,0,1430
0,0,0,0,1431
0,0,0,0,1432
0,0,0,0,1433
0,0,0,0,1434
0,0,0,0,1435
0,0,0,0,1436
0,0,0,0,1437
0,0,0,0,1438
0,0,0,0,1439
0,0,0,0,1440
0,0,0,0,1441
0,0,0,0,1442
0,0,0,0,1443
0,0,0,0,1444
0,0,0,0,1445
0,0,0,0,1446
0,0,0,0,1447
0,0,0,0,1448
0,0,0,0,1449
0,0,0,0,1450
0,0,0,0,1451
0,0,0,0,1452
0,0,0,0,1453
0,0,0,0,1454
0,0,0,0,1455
0,0,0,0,1456
0,0,0,0,1457
0,0,0,0,1458
0,0,0,0,1459
0,0,0,0,1460
0,0,0,0,1461
0,0,0,0,1462
0,0,0,0,1463
0,0,0,0,1464
0,0,0,0,1465
0,0,0,0,1466
0,0,0,0,1467
0,0,0,0,1468
0,0,0,0,1469
0,0,0,0,1470
0,0,0,0,1471
0,0,0,0,1472
0,0,0,0,1473
0,0,0,0,1474
0,0,0,0,1475
0,0,0,0,1476
0,0,0,0,1477
0,0,0,0,1478
0,0,0,0,1479
0,0,0,0,1480
0,0,0,0,1481
0,0,0,0,1482
0,0,0,0,1483
0,0,0,0,1484
0,0,0,0,1485
0,0,0,0,1486
0,0,0,0,1487
0,0,0,0,1488
0,0,0,0,1489
0,0,0,0,1490
0,0,0,0,1491
0,0,0,0,1492
0,0,0,0,1493
0,0,0,0,1494
0,0,0,0,1495
0,0,0,0,1496
0,0,0,0,1497
0,0,0,0,1498
0,0,0,0,1499
0,0,0,0,1500
2,3,0,0,1501
4,3,0,0,1502
6,7,0,0,1503
6,13,0,0,1504
8,6,0,0,1505
8,8,0,0,1506
8,8,0,0,1507
9,6,0,0,1508
6,12,0,0,1509
8,5,0,0,1510
8,8,0,0,1511
10,12,0,0,1512
7,8,0,0,1513
6,10,0,0,1514
9,5,0,0,1515
9,8,0,0,1516
8,10,0,0,1517
9,8,0,0,1518
8,7,0,0,1519
9,8,0,0,1520
8,6,0,0,1521
8,9,0,0,1522
6,7,0,0,1523
10,9,0,0,1524
7,10,0,0,1525
9,6,0,0,1526
10,11,0,0,1527
7,6,0,0,1528
11,8,0,0,1529
8,12,0,0,1530
11,8,0,0,1531
8,10,0,0,1532
8,5,0,0,1533
10,7,0,0,1534
6,12,0,0,1535
9,5,0,0,1536
7,8,0,0,1537
9,8,0,0,1538
9,6,0,0,1539
6,12,0,0,1540
10,6,0,0,1541
6,8,0,0,1542
10,10,0,0,1543
7,8,0,0,1544
10,10,0,0,1545
11,9,0,0,1546
6,6,0,0,1547
8,11,0,0,1548
7,7,0,0,1549
10,9,0,0,1550
9,9,0,0,1551
7,7,0,0,1552
9,12,0,0,1553
7,5,0,0,1554
9,7,0,0,1555
8,9,0,0,1556
9,7,0,0,1557
8,10,0,0,1558
7,9,0,0,1559
10,6,0,0,1560
8,11,0,0,1561
9,6,0,0,1562
8,8,0,0,1563
10,11,0,0,1564
10,8,0,0,1565
6,9,0,0,1566
9,8,0,0,1567
9,6,0,0,1568
10,11,0,0,1569
7,7,0,0,1570
6,8,0,0,1571
10,8,0,0,1572
7,8,0,0,1573
11,8,0,0,1574
7,7,0,0,1575
8,6,0,0,1576
9,12,0,0,1577
7,6,0,0,1578
8,8,0,0,1579
9,9,0,0,1580
8,8,0,0,1581
9,11,0,0,1582
6,6,0,0,1583
8,6,0,0,1584
6,13,0,0,1585
11,7,0,0,1586
8,10,0,0,1587
8,10,0,0,1588
11,6,0,0,1589
7,11,0,0,1590
8,5,0,0,1591
7,7,0,0,1592
11,9,0,0,1593
7,6,0,0,1594
7,7,0,0,1595
10,10,0,0,1596
6,6,0,0,1597
10,11,0,0,1598
8,7,0,0,1599
8,8,0,0,1600
8,10,0,0,1601
8,6,0,0,1602
11,10,0,0,1603
11,7,0,0,1604
9,10,0,0,1605
10,5,0,0,1606
8,9,0,0,1607
10,8,0,0,1608
8,9,0,0,1609
13,8,0,0,1610
8,7,0,0,1611
9,11,0,0,1612
10,6,0,0,1613
10,10,0,0,1614
10,8,0,0,1615
11,10,0,0,1616
7,5,0,0,1617
12,10,0,0,1618
10,7,0,0,1619
10,8,0,0,1620
11,8,0,0,1621
9,9,0,0,1622
11,8,0,0,1623
12,7,0,0,1624
8,11,0,0,1625
12,6,0,0,1626
7,10,0,0,1627
12,8,0,0,1628
8,10,0,0,1629
14,5,0,0,1630
11,11,0,0,1631
8,6,0,0,1632
11,9,0,0,1633
10,8,0,0,1634
12,9,0,0,1635
11,8,0,0,1636
11,7,0,0,1637
9,11,0,0,1638
10,6,0,0,1639
14,10,0,0,1640
11,8,0,0,1641
7,9,0,0,1642
10,5,0,0,1643
7,10,0,0,1644
10,7,0,0,1645
10,8,0,0,1646
10,9,0,0,1647
10,8,0,0,1648
12,8,0,0,1649
8,7,0,0,1650
12,11,0,0,1651
6,6,0,0,1652
13,10,0,0,1653
9,8,0,0,1654
13,10,0,0,1655
8,5,0,0,1656
9,9,0,0,1657
10,7,0,0,1658
9,8,0,0,1659
11,8,0,0,1660
9,9,0,0,1661
14,8,0,0,1662
9,7,0,0,1663
12,11,0,0,1664
8,6,0,0,1665
9,10,0,0,1666
9,8,0,0,1667
14,10,0,0,1668
7,5,0,0,1669
14,11,0,0,1670
8,6,0,0,1671
10,9,0,0,1672
10,8,0,0,1673
10,9,0,0,1674
10,8,0,0,1675
11,7,0,0,1676
10,11,0,0,1677
10,7,0,0,1678
7,10,0,0,1679
17,7,0,0,1680
7,10,0,0,1681
13,7,0,0,1682
10,11,0,0,1683
10,4,0,0,1684
8,11,0,0,1685
11,6,0,0,1686
11,8,0,0,1687
11,9,0,0,1688
12,8,0,0,1689
8,8,0,0,1690
11,7,0,0,1691
11,11,0,0,1692
12,6,0,0,1693
10,10,0,0,1694
11,8,0,0,1695
8,10,0,0,1696
12,5,0,0,1697
7,11,0,0,1698
11,6,0,0,1699
8,9,0,0,1700
10,8,0,0,1701
10,7,0,0,1702
12,9,0,0,1703
9,9,0,0,1704
12,9,0,0,1705
12,10,0,0,1706
12,9,0,0,1707
12,9,0,0,1708
9,9,0,0,1709
13,9,0,0,1710
11,9,0,0,1711
14,8,0,0,1712
10,9,0,0,1713
9,8,0,0,1714
13,9,0,0,1715
13,7,0,0,1716
11,10,0,0,1717
11,7,0,0,1718
14,10,0,0,1719
10,7,0,0,1720
12,9,0,0,1721
12,8,0,0,1722
12,10,0,0,1723
11,7,0,0,1724
8,10,0,0,1725
12,7,0,0,1726
10,11,0,0,1727
15,7,0,0,1728
12,11,0,0,1729
10,7,0,0,1730
11,11,0,0,1731
9,7,0,0,1732
11,11,0,0,1733
10,7,0,0,1734
12,11,0,0,1735
11,8,0,0,1736
10,10,0,0,1737
13,9,0,0,1738
12,10,0,0,1739
12,9,0,0,1740
16,9,0,0,1741
16,9,0,0,1742
11,9,0,0,1743
8,9,0,0,1744
13,9,0,0,1745
10,9,0,0,1746
13,9,0,0,1747
11,9,0,0,1748
12,9,0,0,1749
10,9,0,0,1750
12,9,0,0,1751
14,10,0,0,1752
10,8,0,0,1753
14,10,0,0,1754
14,8,0,0,1755
14,10,0,0,1756
12,7,0,0,1757
9,11,0,0,1758
11,7,0,0,1759
8,11,0,0,1760
12,7,0,0,1761
10,11,0,0,1762
13,6,0,0,1763
10,12,0,0,1764
10,6,0,0,1765
9,13,0,0,1766
10,6,0,0,1767
10,13,0,0,1768
10,6,0,0,1769
12,12,0,0,1770
9,6,0,0,1771
10,11,0,0,1772
10,7,0,0,1773
11,10,0,0,1774
11,8,0,0,1775
12,10,0,0,1776
12,8,0,0,1777
9,10,0,0,1778
12,8,0,0,1779
13,10,0,0,1780
9,8,0,0,1781
12,10,0,0,1782
10,8,0,0,1783
13,10,0,0,1784
8,8,0,0,1785
10,9,0,0,1786
16,8,0,0,1787
9,10,0,0,1788
13,8,0,0,1789
11,10,0,0,1790
11,8,0,0,1791
11,10,0,0,1792
14,8,0,0,1793
9,10,0,0,1794
12,8,0,0,1795
11,10,0,0,1796
10,8,0,0,1797
13,9,0,0,1798
15,8,0,0,1799
13,10,0,0,1800
12,8,0,0,1801
10,12,0,0,1802
11,7,0,0,1803
12,11,0,0,1804
14,7,0,0,1805
12,11,0,0,1806
7,9,0,0,1807
12,10,0,0,1808
8,8,0,0,1809
10,9,0,0,1810
11,10,0,0,1811
9,9,0,0,1812
14,10,0,0,1813
12,7,0,0,1814
8,14,0,0,1815
13,7,0,0,1816
10,11,0,0,1817
12,8,0,0,1818
13,10,0,0,1819
10,7,0,0,1820
11,12,0,0,1821
10,7,0,0,1822
10,10,0,0,1823
11,8,0,0,1824
12,10,0,0,1825
12,9,0,0,1826
12,9,0,0,1827
7,11,0,0,1828
13,7,0,0,1829
13,13,0,0,1830
11,6,0,0,1831
12,12,0,0,1832
9,8,0,0,1833
12,10,0,0,1834
10,8,0,0,1835
10,12,0,0,1836
12,7,0,0,1837
8,11,0,0,1838
12,10,0,0,1839
11,9,0,0,1840
12,9,0,0,1841
12,9,0,0,1842
10,11,0,0,1843
12,7,0,0,1844
11,13,0,0,1845
8,7,0,0,1846
13,10,0,0,1847
10,8,0,0,1848
15,12,0,0,1849
11,7,0,0,1850
8,11,0,0,1851
13,8,0,0,1852
9,11,0,0,1853
14,9,0,0,1854
12,9,0,0,1855
10,11,0,0,1856
13,8,0,0,1857
10,13,0,0,1858
11,7,0,0,1859
13,12,0,0,1860
8,8,0,0,1861
13,10,0,0,1862
10,8,0,0,1863
11,12,0,0,1864
13,7,0,0,1865
10,11,0,0,1866
11,9,0,0,1867
11,8,0,0,1868
9,11,0,0,1869
11,8,0,0,1870
9,14,0,0,1871
13,7,0,0,1872
12,11,0,0,1873
8,8,0,0,1874
12,12,0,0,1875
11,7,0,0,1876
12,11,0,0,1877
13,10,0,0,1878
11,9,0,0,1879
13,11,0,0,1880
9,8,0,0,1881
10,14,0,0,1882
12,7,0,0,1883
8,11,0,0,1884
13,8,0,0,1885
10,12,0,0,1886
7,7,0,0,1887
11,11,0,0,1888
9,10,0,0,1889
12,9,0,0,1890
11,10,0,0,1891
10,9,0,0,1892
11,13,0,0,1893
9,7,0,0,1894
11,11,0,0,1895
12,8,0,0,1896
11,12,0,0,1897
11,7,0,0,1898
10,12,0,0,1899
11,9,0,0,1900
11,9,0,0,1901
7,6,0,0,1902
6,6,0,0,1903
5,5,0,0,1904
5,2,0,0,1905
1,0,0,0,1906
0,0,0,0,1907
0,0,0,0,1908
0,0,0,0,1909
0,0,0,0,1910
0,0,0,0,1911
0,0,0,0,1912
0,0,0,0,1913
0,0,0,0,1914
0,0,0,0,1915
0,0,0,0,1916
0,0,0,0,1917
0,0,0,0,1918
0,0,0,0,1919
0,0,0,0,1920
0,0,0,0,1921
0,0,0,0,1922
0,0,0,0,1923
0,0,0,0,1924
0,0,0,0,1925
0,0,0,0,1926
0,0,0,0,1927
0,0,0,0,1928
0,0,0,0,1929
0,0,0,0,1930
0,0,0,0,1931
0,0,0,0,1932
0,0,0,0,1933
0,0,0,0,1934
0,0,0,0,1935
0,0,0,0,1936
0,0,0,0,1937
0,0,0,0,1938
0,0,0,0,1939
0,0,0,0,1940
0,0,0,0,1941
0,0,0,0,1942
0,0,0,0,1943
0,0,0,0,1944
0,0,0,0,1945
0,0,0,0,1946
0,0,0,0,1947
0,0,0,0,1948
0,0,0,0,1949
0,0,0,0,1950
0,0,0,0,1951
0,0,0,0,1952
0,0,0,0,1953
0,0,0,0,1954
0,0,0,0,1955
0,0,0,0,1956
0,0,0,0,1957
0,0,0,0,1958
0,0,0,0,1959
0,0,0,0,1960
0,0,0,0,1961
0,0,0,0,1962
0,0,0,0,1963
0,0,0,0,1964
0,0,0,0,1965
0,0,0,0,1966
0,0,0,0,1967
0,0,0,0,1968
0,0,0,0,1969
0,0,0,0,1970
0,0,0,0,1971
0,0,0,0,1972
0,0,0,0,1973
0,0,0,0,1974
0,0,0,0,1975
0,0,0,0,1976
0,0,0,0,1977
0,0,0,0,1978
0,0,0,0,1979
0,0,0,0,1980
0,0,0,0,1981
0,0,0,0,1982
0,0,0,0,1983
0,0,0,0,1984
0,0,0,0,1985
0,0,0,0,1986
0,0,0,0,1987
0,0,0,0,1988
0,0,0,0,1989
0,0,0,0,1990
0,0,0,0,1991
0,0,0,0,1992
0,0,0,0,1993
0,0,0,0,1994
0,0,0,0,1995
0,0,0,0,1996
0,0,0,0,1997
0,0,0,0,1998
0,0,0,0,1999
0,0,0,0,2000
1,3,4,3,2001
3,6,7,5,2002
6,7,8,4,2003
6,9,5,11,2004
6,11,11,4,2005
10,6,9,8,2006
8,11,8,9,2007
6,6,9,4,2008
9,8,8,8,2009
7,10,12,5,2010
10,8,6,8,2011
7,10,7,6,2012
6,5,11,5,2013
8,7,9,8,2014
8,9,9,6,2015
10,7,8,8,2016
8,8,8,8,2017
6,6,12,6,2018
10,6,9,7,2019
7,9,6,10,2020
12,7,12,7,2021
9,7,8,6,2022
6,10,11,4,2023
9,6,6,7,2024
7,11,8,9,2025
10,6,11,6,2026
8,8,10,6,2027
8,12,9,7,2028
10,8,8,6,2029
6,11,8,11,2030
10,7,12,3,2031
8,7,10,8,2032
6,10,8,4,2033
11,7,10,7,2034
6,7,8,6,2035
11,8,12,5,2036
8,6,8,9,2037
7,9,8,6,2038
10,7,11,5,2039
6,8,9,9,2040
10,9,10,3,2041
8,6,8,8,2042
6,12,7,5,2043
9,6,12,5,2044
8,8,9,8,2045
11,10,10,6,2046
7,8,8,9,2047
8,11,8,4,2048
9,6,12,7,2049
8,6,10,9,2050
9,9,8,4,2051
11,7,11,7,2052
7,7,8,5,2053
14,9,12,8,2054
7,6,8,10,2055
8,8,8,6,2056
10,6,12,8,2057
5,8,8,7,2058
8,8,11,6,2059
8,8,7,9,2060
9,11,8,5,2061
9,6,13,6,2062
7,6,9,6,2063
11,12,10,7,2064
9,7,7,8,2065
8,9,7,4,2066
9,9,12,7,2067
7,6,10,6,2068
11,10,9,6,2069
7,6,8,5,2070
7,6,8,7,2071
9,9,13,5,2072
9,7,10,7,2073
10,8,8,8,2074
11,8,10,10,2075
7,6,8,6,2076
9,13,12,7,2077
7,6,8,6,2078
11,8,8,4,2079
7,10,12,9,2080
6,8,8,6,2081
9,9,12,8,2082
8,10,7,7,2083
7,6,7,4,2084
9,11,12,10,2085
10,6,10,6,2086
12,8,9,6,2087
7,9,7,7,2088
9,9,7,5,2089
8,7,11,5,2090
9,8,10,9,2091
9,6,10,4,2092
14,9,8,10,2093
6,6,8,6,2094
8,8,12,7,2095
7,11,10,9,2096
9,7,8,6,2097
8,9,11,9,2098
5,8,8,5,2099
10,6,12,8,2100
10,11,10,8,2101
12,8,12,6,2102
8,10,12,9,2103
11,6,14,5,2104
10,12,11,9,2105
18,6,12,5,2106
8,12,11,10,2107
13,5,12,4,2108
10,10,13,9,2109
12,5,12,5,2110
9,12,12,9,2111
13,6,13,5,2112
12,12,12,9,2113
9,5,9,6,2114
11,12,12,7,2115
10,5,14,7,2116
15,12,14,8,2117
7,6,14,8,2118
12,12,12,6,2119
10,5,12,9,2120
13,13,14,5,2121
8,5,11,9,2122
13,11,14,5,2123
9,6,15,9,2124
8,12,12,5,2125
13,6,13,10,2126
12,12,12,5,2127
14,6,14,9,2128
11,12,12,5,2129
11,6,12,9,2130
14,11,13,5,2131
13,7,12,8,2132
9,11,13,6,2133
13,7,13,9,2134
11,10,12,6,2135
9,7,9,9,2136
12,11,12,5,2137
9,6,13,9,2138
13,11,15,5,2139
10,6,12,10,2140
12,12,11,4,2141
15,6,12,10,2142
14,12,14,4,2143
8,6,14,9,2144
9,12,13,5,2145
14,6,13,9,2146
12,12,12,5,2147
12,6,13,9,2148
11,11,13,5,2149
14,5,14,9,2150
18,12,10,5,2151
13,5,12,9,2152
7,10,12,6,2153
13,5,13,8,2154
11,12,15,6,2155
8,5,11,9,2156
12,12,12,5,2157
10,6,12,8,2158
11,12,11,7,2159
11,6,14,7,2160
15,11,12,7,2161
9,7,12,7,2162
16,11,13,7,2163
11,7,12,8,2164
10,10,15,7,2165
11,7,11,7,2166
12,8,12,8,2167
12,7,14,6,2168
10,9,12,9,2169
12,8,14,5,2170
12,9,11,9,2171
14,9,12,6,2172
10,9,13,9,2173
12,9,11,5,2174
12,9,14,9,2175
10,9,12,5,2176
10,8,12,9,2177
10,9,12,5,2178
14,7,10,9,2179
12,10,14,5,2180
11,7,12,9,2181
7,10,12,5,2182
16,7,14,9,2183
9,11,12,5,2184
9,7,14,10,2185
13,11,13,5,2186
10,6,12,9,2187
13,11,11,5,2188
10,7,12,9,2189
13,10,14,5,2190
11,8,13,9,2191
11,10,12,5,2192
12,8,13,9,2193
13,10,11,5,2194
9,6,14,9,2195
14,11,13,6,2196
14,6,12,9,2197
12,11,12,5,2198
11,5,10,9,2199
11,11,13,5,2200
9,5,13,8,2201
8,6,12,5,2202
6,4,10,9,2203
5,4,9,5,2204
1,1,8,5,2205
2,0,13,9,2206
0,0,8,6,2207
0,0,12,8,2208
0,0,8,6,2209
0,0,8,10,2210
0,0,11,8,2211
0,0,8,6,2212
0,0,12,8,2213
0,0,10,6,2214
0,0,9,10,2215
0,0,8,6,2216
0,0,8,6,2217
0,0,13,8,2218
0,0,10,6,2219
0,0,11,10,2220
0,0,8,6,2221
0,0,8,5,2222
0,0,13,9,2223
0,0,9,4,2224
0,0,12,9,2225
0,0,8,4,2226
0,0,9,6,2227
0,0,10,6,2228
0,0,8,8,2229
0,0,12,9,2230
0,0,10,4,2231
0,0,9,6,2232
0,0,9,8,2233
0,0,8,4,2234
0,0,13,9,2235
0,0,10,6,2236
0,0,11,8,2237
0,0,8,6,2238
0,0,8,6,2239
0,0,13,10,2240
0,0,8,5,2241
0,0,12,7,2242
0,0,8,8,2243
0,0,9,5,2244
0,0,10,8,2245
0,0,8,6,2246
0,0,12,5,2247
0,0,10,8,2248
0,0,9,7,2249
0,0,8,6,2250
0,0,8,5,2251
0,0,12,5,2252
0,0,10,9,2253
0,0,10,7,2254
0,0,9,5,2255
0,0,8,5,2256
0,0,12,8,2257
0,0,10,10,2258
0,0,12,7,2259
0,0,8,5,2260
0,0,8,4,2261
0,0,11,7,2262
0,0,8,10,2263
0,0,12,6,2264
0,0,10,8,2265
0,0,9,4,2266
0,0,9,6,2267
0,0,8,10,2268
0,0,12,6,2269
0,0,10,7,2270
0,0,11,6,2271
0,0,8,6,2272
0,0,8,10,2273
0,0,12,6,2274
0,0,10,7,2275
0,0,10,4,2276
0,0,9,6,2277
0,0,9,9,2278
0,0,12,8,2279
0,0,8,7,2280
0,0,12,4,2281
0,0,9,7,2282
0,0,9,8,2283
0,0,10,6,2284
0,0,8,8,2285
0,0,12,4,2286
0,0,10,7,2287
0,0,10,7,2288
0,0,8,8,2289
0,0,8,6,2290
0,0,12,6,2291
0,0,10,9,2292
0,0,11,6,2293
0,0,8,6,2294
0,0,8,7,2295
0,0,13,4,2296
0,0,9,6,2297
0,0,12,9,2298
0,0,8,8,2299
0,0,8,7,2300
0,0,11,7,2301
0,0,14,9,2302
0,0,13,5,2303
0,0,11,9,2304
0,0,12,5,2305
0,0,13,9,2306
0,0,13,6,2307
0,0,13,9,2308
0,0,12,5,2309
0,0,12,9,2310
0,0,13,5,2311
0,0,15,10,2312
0,0,12,5,2313
0,0,12,9,2314
0,0,10,5,2315
0,0,14,9,2316
0,0,11,5,2317
0,0,12,9,2318
0,0,13,5,2319
0,0,12,8,2320
0,0,14,7,2321
0,0,10,7,2322
0,0,12,7,2323
0,0,13,7,2324
0,0,14,8,2325
0,0,13,5,2326
0,0,13,9,2327
0,0,12,5,2328
0,0,13,9,2329
0,0,15,5,2330
0,0,12,9,2331
0,0,13,5,2332
0,0,11,9,2333
0,0,13,4,2334
0,0,12,9,2335
0,0,12,5,2336
0,0,13,9,2337
0,0,11,5,2338
0,0,16,9,2339
0,0,12,5,2340
0,0,12,9,2341
0,0,12,5,2342
0,0,15,8,2343
0,0,12,7,2344
0,0,13,8,2345
0,0,12,6,2346
0,0,13,9,2347
0,0,13,5,2348
0,0,13,9,2349
0,0,10,5,2350
0,0,12,9,2351
0,0,11,5,2352
0,0,14,9,2353
0,0,12,5,2354
0,0,13,10,2355
0,0,11,4,2356
0,0,14,10,2357
0,0,11,4,2358
0,0,12,10,2359
0,0,13,4,2360
0,0,14,9,2361
0,0,13,5,2362
0,0,11,9,2363
0,0,12,5,2364
0,0,13,9,2365
0,0,14,5,2366
0,0,13,8,2367
0,0,12,5,2368
0,0,12,9,2369
0,0,11,6,2370
0,0,15,9,2371
0,0,12,5,2372
0,0,14,8,2373
0,0,11,7,2374
0,0,15,7,2375
0,0,10,7,2376
0,0,12,7,2377
0,0,13,8,2378
0,0,13,7,2379
0,0,13,8,2380
0,0,12,6,2381
0,0,12,8,2382
0,0,13,6,2383
0,0,14,9,2384
0,0,13,5,2385
0,0,13,9,2386
0,0,12,5,2387
0,0,15,9,2388
0,0,14,5,2389
0,0,12,9,2390
0,0,14,5,2391
0,0,12,9,2392
0,0,14,5,2393
0,0,9,9,2394
0,0,12,6,2395
0,0,12,10,2396
0,0,14,5,2397
0,0,14,9,2398
0,0,12,6,2399
0,0,12,9,2400
1,3,10,4,2401
5,9,8,9,2402
6,7,9,8,2403
6,9,6,4,2404
9,10,0,3,2405
6,6,0,0,2406
9,9,0,0,2407
6,4,0,0,2408
10,7,0,0,2409
8,9,0,0,2410
9,6,0,0,2411
14,9,0,0,2412
9,4,0,0,2413
9,8,0,0,2414
7,8,0,0,2415
11,6,0,0,2416
7,12,0,0,2417
8,7,0,0,2418
9,8,0,0,2419
7,10,0,0,2420
9,8,0,0,2421
9,10,0,0,2422
9,5,0,0,2423
11,8,0,0,2424
7,9,0,0,2425
8,6,0,0,2426
8,9,0,0,2427
9,6,0,0,2428
9,7,0,0,2429
7,10,0,0,2430
11,7,0,0,2431
7,8,0,0,2432
11,7,0,0,2433
8,6,0,0,2434
8,9,0,0,2435
10,7,0,0,2436
8,10,0,0,2437
9,10,0,0,2438
10,6,0,0,2439
8,9,0,0,2440
11,6,0,0,2441
6,8,0,0,2442
9,8,0,0,2443
9,6,0,0,2444
8,9,0,0,2445
10,6,0,0,2446
6,6,0,0,2447
10,9,0,0,2448
8,7,0,0,2449
12,8,0,0,2450
8,9,0,0,2451
6,6,0,0,2452
9,11,0,0,2453
7,6,0,0,2454
12,8,0,0,2455
8,9,0,0,2456
7,8,0,0,2457
12,10,0,0,2458
7,5,0,0,2459
11,7,0,0,2460
9,12,0,0,2461
10,5,0,0,2462
9,8,0,0,2463
7,8,0,0,2464
9,6,0,0,2465
10,10,0,0,2466
10,6,0,0,2467
9,10,0,0,2468
6,8,0,0,2469
9,7,0,0,2470
8,12,0,0,2471
9,5,0,0,2472
8,7,0,0,2473
6,12,0,0,2474
8,6,0,0,2475
11,7,0,0,2476
11,9,0,0,2477
8,6,0,0,2478
9,9,0,0,2479
14,6,0,0,2480
6,8,0,0,2481
10,8,0,0,2482
9,8,0,0,2483
8,7,0,0,2484
11,8,0,0,2485
7,6,0,0,2486
9,11,0,0,2487
9,6,0,0,2488
8,8,0,0,2489
10,9,0,0,2490
6,8,0,0,2491
10,10,0,0,2492
9,7,0,0,2493
10,7,0,0,2494
11,10,0,0,2495
10,7,0,0,2496
12,7,0,0,2497
9,11,0,0,2498
8,5,0,0,2499
11,10,0,0,2500
7,4,0,0,2501
13,9,0,0,2502
9,6,0,0,2503
12,9,0,0,2504
11,8,0,0,2505
11,9,0,0,2506
13,9,0,0,2507
10,9,0,0,2508
12,9,0,0,2509
12,7,0,0,2510
16,9,0,0,2511
9,8,0,0,2512
14,10,0,0,2513
16,7,0,0,2514
14,10,0,0,2515
11,7,0,0,2516
11,10,0,0,2517
13,7,0,0,2518
9,11,0,0,2519
14,7,0,0,2520
9,11,0,0,2521
12,7,0,0,2522
12,11,0,0,2523
11,7,0,0,2524
12,11,0,0,2525
12,7,0,0,2526
13,11,0,0,2527
11,6,0,0,2528
15,11,0,0,2529
10,6,0,0,2530
12,10,0,0,2531
11,8,0,0,2532
11,10,0,0,2533
13,8,0,0,2534
12,10,0,0,2535
13,8,0,0,2536
12,10,0,0,2537
11,8,0,0,2538
12,10,0,0,2539
9,7,0,0,2540
13,10,0,0,2541
14,6,0,0,2542
16,11,0,0,2543
13,5,0,0,2544
10,11,0,0,2545
13,5,0,0,2546
10,12,0,0,2547
12,6,0,0,2548
8,11,0,0,2549
11,7,0,0,2550
16,10,0,0,2551
17,7,0,0,2552
13,10,0,0,2553
10,8,0,0,2554
16,8,0,0,2555
9,9,0,0,2556
17,9,0,0,2557
9,9,0,0,2558
12,7,0,0,2559
10,9,0,0,2560
15,7,0,0,2561
12,10,0,0,2562
11,7,0,0,2563
12,11,0,0,2564
11,7,0,0,2565
14,11,0,0,2566
12,6,0,0,2567
16,11,0,0,2568
10,7,0,0,2569
12,9,0,0,2570
14,8,0,0,2571
10,10,0,0,2572
14,7,0,0,2573
12,10,0,0,2574
16,6,0,0,2575
16,12,0,0,2576
15,5,0,0,2577
11,11,0,0,2578
14,5,0,0,2579
12,11,0,0,2580
10,7,0,0,2581
13,9,0,0,2582
12,8,0,0,2583
13,9,0,0,2584
10,9,0,0,2585
14,8,0,0,2586
10,8,0,0,2587
11,6,0,0,2588
14,11,0,0,2589
10,7,0,0,2590
16,11,0,0,2591
13,6,0,0,2592
16,10,0,0,2593
10,7,0,0,2594
13,10,0,0,2595
13,7,0,0,2596
11,10,0,0,2597
11,6,0,0,2598
10,11,0,0,2599
14,5,0,0,2600
11,10,4,3,2601
8,9,7,5,2602
8,6,4,6,2603
12,12,10,9,2604
8,6,10,5,2605
9,8,8,7,2606
10,10,10,4,2607
7,7,8,6,2608
9,9,12,8,2609
10,8,8,7,2610
8,6,8,6,2611
11,11,12,7,2612
7,6,8,6,2613
8,6,10,8,2614
8,12,7,6,2615
10,7,8,10,2616
10,6,12,6,2617
6,9,9,6,2618
8,7,10,8,2619
12,11,7,6,2620
7,7,7,7,2621
9,6,12,6,2622
7,13,10,6,2623
8,6,9,6,2624
9,8,8,6,2625
10,12,8,6,2626
9,9,12,8,2627
7,8,10,6,2628
7,10,8,6,2629
8,6,10,4,2630
8,11,8,5,2631
11,9,12,9,2632
8,6,8,6,2633
10,11,8,8,2634
10,8,12,6,2635
9,8,8,5,2636
12,8,12,8,2637
7,6,8,7,2638
9,6,8,10,2639
8,12,11,5,2640
6,6,8,8,2641
11,11,10,6,2642
7,9,7,4,2643
10,6,8,8,2644
9,13,12,8,2645
6,6,10,8,2646
11,7,10,8,2647
6,13,7,4,2648
10,7,7,6,2649
10,8,13,10,2650
6,10,10,6,2651
11,8,9,8,2652
9,7,7,4,2653
10,11,8,8,2654
9,6,12,5,2655
6,11,10,7,2656
9,5,10,6,2657
8,6,8,5,2658
13,11,8,8,2659
9,7,12,10,2660
6,8,10,6,2661
10,13,9,8,2662
8,7,9,7,2663
10,9,8,7,2664
9,10,12,6,2665
6,5,10,4,2666
9,11,8,6,2667
8,9,10,10,2668
10,6,8,5,2669
9,13,12,7,2670
7,7,10,5,2671
10,6,8,8,2672
8,12,10,8,2673
9,8,8,6,2674
9,8,12,8,2675
7,10,8,10,2676
9,8,8,5,2677
9,9,12,6,2678
8,11,8,4,2679
9,5,12,6,2680
5,11,8,7,2681
7,8,8,8,2682
9,6,12,10,2683
9,12,8,7,2684
10,8,12,6,2685
6,6,7,8,2686
8,12,7,5,2687
7,8,11,7,2688
7,8,9,7,2689
10,12,10,5,2690
8,8,7,8,2691
13,7,8,7,2692
10,11,12,8,2693
8,8,10,9,2694
8,9,10,4,2695
9,12,8,8,2696
10,6,8,7,2697
10,11,12,5,2698
8,8,9,6,2699
8,6,10,4,2700
12,9,11,6,2701
10,10,12,9,2702
10,10,13,6,2703
14,4,10,9,2704
9,10,11,5,2705
11,6,13,9,2706
14,9,15,5,2707
13,9,11,9,2708
9,7,11,5,2709
12,10,11,9,2710
12,7,12,7,2711
11,11,13,8,2712
10,6,12,5,2713
10,10,11,9,2714
15,7,11,5,2715
12,11,14,9,2716
10,4,14,5,2717
11,11,14,8,2718
14,7,12,6,2719
11,9,11,8,2720
11,8,14,6,2721
12,9,14,7,2722
9,9,13,6,2723
11,6,11,7,2724
9,10,11,6,2725
16,7,13,7,2726
10,11,13,5,2727
9,6,13,7,2728
10,10,11,5,2729
13,8,11,9,2730
10,10,15,5,2731
13,6,14,9,2732
12,11,13,5,2733
10,4,12,8,2734
11,11,12,5,2735
10,7,13,8,2736
14,9,15,5,2737
12,8,14,8,2738
10,9,11,5,2739
13,9,12,9,2740
12,7,13,5,2741
10,10,13,9,2742
12,7,12,6,2743
12,11,12,9,2744
11,7,11,5,2745
12,11,13,9,2746
10,6,14,6,2747
15,10,13,9,2748
10,8,11,5,2749
14,10,12,9,2750
11,7,12,6,2751
11,11,14,9,2752
8,5,13,5,2753
15,11,11,9,2754
10,5,12,4,2755
10,11,12,9,2756
13,7,15,4,2757
12,9,13,10,2758
12,8,11,4,2759
9,9,12,9,2760
12,9,12,4,2761
10,9,14,9,2762
15,9,13,5,2763
9,7,11,9,2764
13,10,12,6,2765
10,7,12,9,2766
8,11,14,6,2767
11,7,13,8,2768
12,11,12,5,2769
11,6,12,9,2770
9,9,14,5,2771
15,8,15,8,2772
9,10,14,7,2773
12,8,10,8,2774
10,10,11,5,2775
16,6,12,9,2776
13,11,13,6,2777
12,4,12,9,2778
11,11,12,5,2779
7,6,12,9,2780
12,10,13,4,2781
9,6,12,9,2782
14,9,13,4,2783
8,8,11,9,2784
12,9,12,5,2785
11,9,13,9,2786
9,8,12,6,2787
7,8,15,9,2788
14,6,11,5,2789
10,10,12,9,2790
10,7,13,6,2791
13,11,12,8,2792
13,7,15,7,2793
12,11,12,7,2794
13,6,12,7,2795
12,10,14,6,2796
9,7,11,7,2797
13,10,13,7,2798
12,8,14,7,2799
13,10,12,5,2800
6,4,10,9,2801
8,6,9,6,2802
6,7,2,3,2803
5,4,6,5,2804
3,1,2,1,2805
2,32,0,0,2806
0,1,0,0,2807
0,0,0,0,2808
0,0,0,0,2809
0,0,0,0,2810
0,0,0,0,2811
0,0,0,0,2812
0,0,0,0,2813
0,0,0,0,2814
0,0,0,0,2815
0,0,0,0,2816
0,0,0,0,2817
0,0,0,0,2818
0,0,0,0,2819
0,0,0,0,2820
0,0,0,0,2821
0,0,0,0,2822
0,0,0,0,2823
0,0,0,0,2824
0,0,0,0,2825
0,0,0,0,2826
0,0,0,0,2827
0,0,0,0,2828
0,0,0,0,2829
0,0,0,0,2830
0,0,0,0,2831
0,0,0,0,2832
0,0,0,0,2833
0,0,0,0,2834
0,0,0,0,2835
0,0,0,0,2836
0,0,0,0,2837
0,0,0,0,2838
0,0,0,0,2839
0,0,0,0,2840
0,0,0,0,2841
0,0,0,0,2842
0,0,0,0,2843
0,0,0,0,2844
0,0,0,0,2845
0,0,0,0,2846
0,0,0,0,2847
0,0,0,0,2848
0,0,0,0,2849
0,0,0,0,2850
0,0,0,0,2851
0,0,0,0,2852
0,0,0,0,2853
0,0,0,0,2854
0,0,0,0,2855
0,0,0,0,2856
0,0,0,0,2857
0,0,0,0,2858
0,0,0,0,2859
0,0,0,0,2860
0,0,0,0,2861
0,0,0,0,2862
0,0,0,0,2863
0,0,0,0,2864
0,0,0,0,2865
0,0,0,0,2866
0,0,0,0,2867
0,0,0,0,2868
0,0,0,0,2869
0,0,0,0,2870
0,0,0,0,2871
0,0,0,0,2872
0,0,0,0,2873
0,0,0,0,2874
0,0,0,0,2875
0,0,0,0,2876
0,0,0,0,2877
0,0,0,0,2878
0,0,0,0,2879
0,0,0,0,2880
0,0,0,0,2881
0,0,0,0,2882
0,0,0,0,2883
0,0,0,0,2884
0,0,0,0,2885
0,0,0,0,2886
0,0,0,0,2887
0,0,0,0,2888
0,0,0,0,2889
0,0,0,0,2890
0,0,0,0,2891
0,0,0,0,2892
0,0,0,0,2893
0,0,0,0,2894
0,0,0,0,2895
0,0,0,0,2896
0,0,0,0,2897
0,0,0,0,2898
0,0,0,0,2899
0,0,0,0,2900
